<metadata xml:lang="en"><Esri><CreaDate>20231214</CreaDate><CreaTime>13525400</CreaTime><ArcGISFormat>1.0</ArcGISFormat><SyncOnce>FALSE</SyncOnce><DataProperties><lineage><Process ToolSource="c:\program files (x86)\arcgis\desktop10.6\ArcToolbox\Toolboxes\Data Management Tools.tbx\CalculateField" Date="20181104" Time="154600">CalculateField BedrockUnit GeologicAge "Pz" VB #</Process><Process ToolSource="c:\program files (x86)\arcgis\desktop10.6\ArcToolbox\Toolboxes\Data Management Tools.tbx\CalculateField" Date="20181104" Time="154621">CalculateField BedrockUnit RockType "Metamorphic" VB #</Process><Process ToolSource="c:\program files (x86)\arcgis\desktop10.6\ArcToolbox\Toolboxes\Data Management Tools.tbx\CalculateField" Date="20181104" Time="154757">CalculateField BedrockUnit RockSubtype "Sedimentary" VB #</Process><Process ToolSource="c:\program files (x86)\arcgis\desktop10.6\ArcToolbox\Toolboxes\Data Management Tools.tbx\CalculateField" Date="20181105" Time="121338">CalculateField BedrockUnit GeologicAge "lK" VB #</Process><Process ToolSource="c:\program files (x86)\arcgis\desktop10.6\ArcToolbox\Toolboxes\Data Management Tools.tbx\CalculateField" Date="20181105" Time="121352">CalculateField BedrockUnit UnitSupergroup "Tuolumne intrusive suite" VB #</Process><Process ToolSource="c:\program files (x86)\arcgis\desktop10.6\ArcToolbox\Toolboxes\Data Management Tools.tbx\CalculateField" Date="20181105" Time="121407">CalculateField BedrockUnit RockType "Intrusive" VB #</Process><Process ToolSource="c:\program files (x86)\arcgis\desktop10.6\ArcToolbox\Toolboxes\Data Management Tools.tbx\CalculateField" Date="20181105" Time="121422">CalculateField BedrockUnit RockSubtype "Plutonic" VB #</Process><Process ToolSource="c:\program files (x86)\arcgis\desktop10.6\ArcToolbox\Toolboxes\Data Management Tools.tbx\CalculateField" Date="20181105" Time="141902">CalculateField BedrockUnit GeologicAge "lK" VB #</Process><Process ToolSource="c:\program files (x86)\arcgis\desktop10.6\ArcToolbox\Toolboxes\Data Management Tools.tbx\CalculateField" Date="20181105" Time="141916">CalculateField BedrockUnit UnitSupergroup "Tuolumne intrusive suite" VB #</Process><Process ToolSource="c:\program files (x86)\arcgis\desktop10.6\ArcToolbox\Toolboxes\Data Management Tools.tbx\CalculateField" Date="20181105" Time="141932">CalculateField BedrockUnit RockType "Intrusive" VB #</Process><Process ToolSource="c:\program files (x86)\arcgis\desktop10.6\ArcToolbox\Toolboxes\Data Management Tools.tbx\CalculateField" Date="20181105" Time="141947">CalculateField BedrockUnit RockSubtype "Plutonic" VB #</Process><Process ToolSource="c:\program files (x86)\arcgis\desktop10.6\ArcToolbox\Toolboxes\Data Management Tools.tbx\CalculateField" Date="20181105" Time="152027">CalculateField BedrockUnit GeologicAge "Pz" VB #</Process><Process ToolSource="c:\program files (x86)\arcgis\desktop10.6\ArcToolbox\Toolboxes\Data Management Tools.tbx\CalculateField" Date="20181105" Time="152101">CalculateField BedrockUnit UnitSupergroup "Twin Lakes assemblage" VB #</Process><Process ToolSource="c:\program files (x86)\arcgis\desktop10.6\ArcToolbox\Toolboxes\Data Management Tools.tbx\CalculateField" Date="20181105" Time="152119">CalculateField BedrockUnit DisplayName "tl" VB #</Process><Process ToolSource="c:\program files (x86)\arcgis\desktop10.6\ArcToolbox\Toolboxes\Data Management Tools.tbx\CalculateField" Date="20181105" Time="152157">CalculateField BedrockUnit RockType "Metamorphic" VB #</Process><Process ToolSource="c:\program files (x86)\arcgis\desktop10.6\ArcToolbox\Toolboxes\Data Management Tools.tbx\CalculateField" Date="20181105" Time="160512">CalculateField BedrockUnit GeologicAge "Pz" VB #</Process><Process ToolSource="c:\program files (x86)\arcgis\desktop10.6\ArcToolbox\Toolboxes\Data Management Tools.tbx\CalculateField" Date="20181105" Time="160535">CalculateField BedrockUnit UnitGroup "Morrison Block" VB #</Process><Process ToolSource="c:\program files (x86)\arcgis\desktop10.6\ArcToolbox\Toolboxes\Data Management Tools.tbx\CalculateField" Date="20181105" Time="160555">CalculateField BedrockUnit RockType "Metamorphic" VB #</Process><Process ToolSource="c:\program files (x86)\arcgis\desktop10.6\ArcToolbox\Toolboxes\Data Management Tools.tbx\CalculateField" Date="20181105" Time="160615">CalculateField BedrockUnit RockSubtype "Sedimentary" VB #</Process><Process ToolSource="c:\program files (x86)\arcgis\desktop10.6\ArcToolbox\Toolboxes\Data Management Tools.tbx\CalculateField" Date="20181105" Time="171631">CalculateField BedrockUnit GeologicAge "lK" VB #</Process><Process ToolSource="c:\program files (x86)\arcgis\desktop10.6\ArcToolbox\Toolboxes\Data Management Tools.tbx\CalculateField" Date="20181105" Time="171647">CalculateField BedrockUnit UnitSupergroup "Tuolumne intrusive suite" VB #</Process><Process ToolSource="c:\program files (x86)\arcgis\desktop10.6\ArcToolbox\Toolboxes\Data Management Tools.tbx\CalculateField" Date="20181105" Time="171701">CalculateField BedrockUnit RockType "Intrusive" VB #</Process><Process ToolSource="c:\program files (x86)\arcgis\desktop10.6\ArcToolbox\Toolboxes\Data Management Tools.tbx\CalculateField" Date="20181105" Time="171715">CalculateField BedrockUnit RockSubtype "Plutonic" VB #</Process><Process ToolSource="c:\program files (x86)\arcgis\desktop10.6\ArcToolbox\Toolboxes\Data Management Tools.tbx\CalculateField" Date="20181105" Time="202110">CalculateField BedrockUnit GeologicAge "J" VB #</Process><Process ToolSource="c:\program files (x86)\arcgis\desktop10.6\ArcToolbox\Toolboxes\Data Management Tools.tbx\CalculateField" Date="20181105" Time="202129">CalculateField BedrockUnit DisplayName "mv" VB #</Process><Process ToolSource="c:\program files (x86)\arcgis\desktop10.6\ArcToolbox\Toolboxes\Data Management Tools.tbx\CalculateField" Date="20181105" Time="202148">CalculateField BedrockUnit RockType "Metamorphic" VB #</Process><Process ToolSource="c:\program files (x86)\arcgis\desktop10.6\ArcToolbox\Toolboxes\Data Management Tools.tbx\CalculateField" Date="20181105" Time="202225">CalculateField BedrockUnit RockSubtype "Volcanic" VB #</Process><Process ToolSource="c:\program files (x86)\arcgis\desktop10.6\ArcToolbox\Toolboxes\Data Management Tools.tbx\CalculateField" Date="20181105" Time="202448">CalculateField BedrockUnit GeologicAge "J" VB #</Process><Process ToolSource="c:\program files (x86)\arcgis\desktop10.6\ArcToolbox\Toolboxes\Data Management Tools.tbx\CalculateField" Date="20181105" Time="202511">CalculateField BedrockUnit DisplayName "ms" VB #</Process><Process ToolSource="c:\program files (x86)\arcgis\desktop10.6\ArcToolbox\Toolboxes\Data Management Tools.tbx\CalculateField" Date="20181105" Time="202547">CalculateField BedrockUnit RockType "Metamorphic" VB #</Process><Process ToolSource="c:\program files (x86)\arcgis\desktop10.6\ArcToolbox\Toolboxes\Data Management Tools.tbx\CalculateField" Date="20181105" Time="202609">CalculateField BedrockUnit RockSubtype "Sedimentary" VB #</Process><Process ToolSource="c:\program files (x86)\arcgis\desktop10.6\ArcToolbox\Toolboxes\Data Management Tools.tbx\CalculateField" Date="20181105" Time="204736">CalculateField BedrockUnit GeologicAge "Tr" VB #</Process><Process ToolSource="c:\program files (x86)\arcgis\desktop10.6\ArcToolbox\Toolboxes\Data Management Tools.tbx\CalculateField" Date="20181105" Time="204816">CalculateField BedrockUnit UnitName "rhyolite" VB #</Process><Process ToolSource="c:\program files (x86)\arcgis\desktop10.6\ArcToolbox\Toolboxes\Data Management Tools.tbx\CalculateField" Date="20181105" Time="204843">CalculateField BedrockUnit UnitGroup "Koip sequence" VB #</Process><Process ToolSource="c:\program files (x86)\arcgis\desktop10.6\ArcToolbox\Toolboxes\Data Management Tools.tbx\CalculateField" Date="20181105" Time="204911">CalculateField BedrockUnit RockType "Metamorphic" VB #</Process><Process ToolSource="c:\program files (x86)\arcgis\desktop10.6\ArcToolbox\Toolboxes\Data Management Tools.tbx\CalculateField" Date="20181105" Time="204936">CalculateField BedrockUnit RockSubtype "Volcanic" VB #</Process><Process ToolSource="c:\program files (x86)\arcgis\desktop10.6\ArcToolbox\Toolboxes\Data Management Tools.tbx\CalculateField" Date="20181105" Time="205300">CalculateField BedrockUnit Lithology "Rhyolite" VB #</Process><Process ToolSource="c:\program files (x86)\arcgis\desktop10.6\ArcToolbox\Toolboxes\Data Management Tools.tbx\CalculateField" Date="20181105" Time="213806">CalculateField BedrockUnit GeologicAge "Tr" VB #</Process><Process ToolSource="c:\program files (x86)\arcgis\desktop10.6\ArcToolbox\Toolboxes\Data Management Tools.tbx\CalculateField" Date="20181105" Time="213829">CalculateField BedrockUnit UnitGroup "Koip sequence" VB #</Process><Process ToolSource="c:\program files (x86)\arcgis\desktop10.6\ArcToolbox\Toolboxes\Data Management Tools.tbx\CalculateField" Date="20181105" Time="214115">CalculateField BedrockUnit UnitGroup "Koip sequence" VB #</Process><Process ToolSource="c:\program files (x86)\arcgis\desktop10.6\ArcToolbox\Toolboxes\Data Management Tools.tbx\CalculateField" Date="20181105" Time="214133">CalculateField BedrockUnit GeologicAge "Tr" VB #</Process><Process ToolSource="c:\program files (x86)\arcgis\desktop10.6\ArcToolbox\Toolboxes\Data Management Tools.tbx\CalculateField" Date="20181105" Time="214226">CalculateField BedrockUnit RockType "Metamorphic" VB #</Process><Process ToolSource="c:\program files (x86)\arcgis\desktop10.6\ArcToolbox\Toolboxes\Data Management Tools.tbx\CalculateField" Date="20181105" Time="214247">CalculateField BedrockUnit RockSubtype "Volcanic" VB #</Process><Process ToolSource="c:\program files (x86)\arcgis\desktop10.6\ArcToolbox\Toolboxes\Data Management Tools.tbx\CalculateField" Date="20181106" Time="110232">CalculateField BedrockUnit GeologicAge "Tr" VB #</Process><Process ToolSource="c:\program files (x86)\arcgis\desktop10.6\ArcToolbox\Toolboxes\Data Management Tools.tbx\CalculateField" Date="20181106" Time="110251">CalculateField BedrockUnit RockType "Metamorphic" VB #</Process><Process ToolSource="c:\program files (x86)\arcgis\desktop10.6\ArcToolbox\Toolboxes\Data Management Tools.tbx\CalculateField" Date="20181106" Time="111327">CalculateField BedrockUnit GeologicAge "J" VB #</Process><Process ToolSource="c:\program files (x86)\arcgis\desktop10.6\ArcToolbox\Toolboxes\Data Management Tools.tbx\CalculateField" Date="20181106" Time="111345">CalculateField BedrockUnit RockType "Metamorphic" VB #</Process><Process ToolSource="c:\program files (x86)\arcgis\desktop10.6\ArcToolbox\Toolboxes\Data Management Tools.tbx\CalculateField" Date="20181106" Time="111358">CalculateField BedrockUnit RockSubtype "Volcanic" VB #</Process><Process ToolSource="c:\program files (x86)\arcgis\desktop10.6\ArcToolbox\Toolboxes\Data Management Tools.tbx\CalculateField" Date="20181106" Time="112007">CalculateField BedrockUnit GeologicAge "eK" VB #</Process><Process ToolSource="c:\program files (x86)\arcgis\desktop10.6\ArcToolbox\Toolboxes\Data Management Tools.tbx\CalculateField" Date="20181106" Time="112025">CalculateField BedrockUnit RockType "Intrusive" VB #</Process><Process ToolSource="c:\program files (x86)\arcgis\desktop10.6\ArcToolbox\Toolboxes\Data Management Tools.tbx\CalculateField" Date="20181106" Time="112052">CalculateField BedrockUnit RockSubtype "Hypabyssal" VB #</Process><Process ToolSource="c:\program files (x86)\arcgis\desktop10.6\ArcToolbox\Toolboxes\Data Management Tools.tbx\CalculateField" Date="20181106" Time="113737">CalculateField BedrockUnit GeologicAge "J" VB #</Process><Process ToolSource="c:\program files (x86)\arcgis\desktop10.6\ArcToolbox\Toolboxes\Data Management Tools.tbx\CalculateField" Date="20181106" Time="113801">CalculateField BedrockUnit RockType "Metamorphic" VB #</Process><Process ToolSource="c:\program files (x86)\arcgis\desktop10.6\ArcToolbox\Toolboxes\Data Management Tools.tbx\CalculateField" Date="20181106" Time="155105">CalculateField BedrockUnit GeologicAge "J" VB #</Process><Process ToolSource="c:\program files (x86)\arcgis\desktop10.6\ArcToolbox\Toolboxes\Data Management Tools.tbx\CalculateField" Date="20181106" Time="155124">CalculateField BedrockUnit RockType "Metamorphic" VB #</Process><Process ToolSource="c:\program files (x86)\arcgis\desktop10.6\ArcToolbox\Toolboxes\Data Management Tools.tbx\CalculateField" Date="20181106" Time="160003">CalculateField BedrockUnit GeologicAge "J" VB #</Process><Process ToolSource="c:\program files (x86)\arcgis\desktop10.6\ArcToolbox\Toolboxes\Data Management Tools.tbx\CalculateField" Date="20181106" Time="160021">CalculateField BedrockUnit RockType "Metamorphic" VB #</Process><Process ToolSource="c:\program files (x86)\arcgis\desktop10.6\ArcToolbox\Toolboxes\Data Management Tools.tbx\CalculateField" Date="20181106" Time="160139">CalculateField BedrockUnit GeologicAge "J" VB #</Process><Process ToolSource="c:\program files (x86)\arcgis\desktop10.6\ArcToolbox\Toolboxes\Data Management Tools.tbx\CalculateField" Date="20181106" Time="160154">CalculateField BedrockUnit RockType "Metamorphic" VB #</Process><Process ToolSource="c:\program files (x86)\arcgis\desktop10.6\ArcToolbox\Toolboxes\Data Management Tools.tbx\CalculateField" Date="20181106" Time="160319">CalculateField BedrockUnit GeologicAge "Tr" VB #</Process><Process ToolSource="c:\program files (x86)\arcgis\desktop10.6\ArcToolbox\Toolboxes\Data Management Tools.tbx\CalculateField" Date="20181201" Time="114253">CalculateField BedrockUnit GeologicAge "lK" VB #</Process><Process ToolSource="c:\program files (x86)\arcgis\desktop10.6\ArcToolbox\Toolboxes\Data Management Tools.tbx\CalculateField" Date="20181201" Time="114310">CalculateField BedrockUnit RockType "Intrusive" VB #</Process><Process ToolSource="c:\program files (x86)\arcgis\desktop10.6\ArcToolbox\Toolboxes\Data Management Tools.tbx\CalculateField" Date="20181201" Time="114329">CalculateField BedrockUnit RockSubtype "Plutonic" VB #</Process><Process ToolSource="c:\program files (x86)\arcgis\desktop10.6\ArcToolbox\Toolboxes\Data Management Tools.tbx\CalculateField" Date="20181201" Time="114436">CalculateField BedrockUnit UnitSupergroup "Merced Peak intrusive suite" VB #</Process><Process ToolSource="c:\program files (x86)\arcgis\desktop10.6\ArcToolbox\Toolboxes\Data Management Tools.tbx\CalculateField" Date="20181201" Time="114856">CalculateField BedrockUnit RockType "Intrusive" VB #</Process><Process ToolSource="c:\program files (x86)\arcgis\desktop10.6\ArcToolbox\Toolboxes\Data Management Tools.tbx\CalculateField" Date="20181201" Time="120900">CalculateField BedrockUnit RockSubtype "Hypabyssal" VB #</Process><Process ToolSource="c:\program files (x86)\arcgis\desktop10.6\ArcToolbox\Toolboxes\Data Management Tools.tbx\CalculateField" Date="20181201" Time="121029">CalculateField BedrockUnit UnitName "Red Peak leucogranite porphyry" VB #</Process><Process ToolSource="c:\program files (x86)\arcgis\desktop10.6\ArcToolbox\Toolboxes\Data Management Tools.tbx\CalculateField" Date="20181201" Time="125315">CalculateField BedrockUnit GeologicAge "KJ" VB #</Process><Process ToolSource="c:\program files (x86)\arcgis\desktop10.6\ArcToolbox\Toolboxes\Data Management Tools.tbx\CalculateField" Date="20181201" Time="125347">CalculateField BedrockUnit RockType "Intrusive" VB #</Process><Process ToolSource="c:\program files (x86)\arcgis\desktop10.6\ArcToolbox\Toolboxes\Data Management Tools.tbx\CalculateField" Date="20181201" Time="125413">CalculateField BedrockUnit RockSubtype "Plutonic" VB #</Process><Process ToolSource="c:\program files (x86)\arcgis\desktop10.6\ArcToolbox\Toolboxes\Data Management Tools.tbx\CalculateField" Date="20181201" Time="125504">CalculateField BedrockUnit DisplayName "mu" VB #</Process><Process ToolSource="c:\program files (x86)\arcgis\desktop10.6\ArcToolbox\Toolboxes\Data Management Tools.tbx\CalculateField" Date="20181201" Time="125708">CalculateField BedrockUnit UnitGroup "undivided mafic rocks" VB #</Process><Process ToolSource="c:\program files (x86)\arcgis\desktop10.6\ArcToolbox\Toolboxes\Data Management Tools.tbx\CalculateField" Date="20181201" Time="125734">CalculateField BedrockUnit UnitGroup "undivided mafic intrusions" VB #</Process><Process ToolSource="c:\program files (x86)\arcgis\desktop10.6\ArcToolbox\Toolboxes\Data Management Tools.tbx\CalculateField" Date="20181201" Time="133217">CalculateField BedrockUnit GeologicAge "KJ" VB #</Process><Process ToolSource="c:\program files (x86)\arcgis\desktop10.6\ArcToolbox\Toolboxes\Data Management Tools.tbx\CalculateField" Date="20181201" Time="133238">CalculateField BedrockUnit RockType "Intrusive" VB #</Process><Process ToolSource="c:\program files (x86)\arcgis\desktop10.6\ArcToolbox\Toolboxes\Data Management Tools.tbx\CalculateField" Date="20181201" Time="133342">CalculateField BedrockUnit RockSubtype "Hypabyssal" VB #</Process><Process ToolSource="c:\program files (x86)\arcgis\desktop10.6\ArcToolbox\Toolboxes\Data Management Tools.tbx\CalculateField" Date="20181201" Time="133633">CalculateField BedrockUnit GeologicAge "Tr" VB #</Process><Process ToolSource="c:\program files (x86)\arcgis\desktop10.6\ArcToolbox\Toolboxes\Data Management Tools.tbx\CalculateField" Date="20181201" Time="133648">CalculateField BedrockUnit RockType "Metamorphic" VB #</Process><Process ToolSource="c:\program files (x86)\arcgis\desktop10.6\ArcToolbox\Toolboxes\Data Management Tools.tbx\CalculateField" Date="20181201" Time="134900">CalculateField BedrockUnit GeologicAge "Tr" VB #</Process><Process ToolSource="c:\program files (x86)\arcgis\desktop10.6\ArcToolbox\Toolboxes\Data Management Tools.tbx\CalculateField" Date="20181201" Time="134928">CalculateField BedrockUnit RockType "Metamorphic" VB #</Process><Process ToolSource="c:\program files (x86)\arcgis\desktop10.6\ArcToolbox\Toolboxes\Data Management Tools.tbx\CalculateField" Date="20181201" Time="135256">CalculateField BedrockUnit GeologicAge "Tr" VB #</Process><Process ToolSource="c:\program files (x86)\arcgis\desktop10.6\ArcToolbox\Toolboxes\Data Management Tools.tbx\CalculateField" Date="20181201" Time="135320">CalculateField BedrockUnit RockType "Metamorphic" VB #</Process><Process ToolSource="c:\program files (x86)\arcgis\desktop10.6\ArcToolbox\Toolboxes\Data Management Tools.tbx\CalculateField" Date="20181201" Time="165926">CalculateField BedrockUnit GeologicAge "Tr" VB #</Process><Process ToolSource="c:\program files (x86)\arcgis\desktop10.6\ArcToolbox\Toolboxes\Data Management Tools.tbx\CalculateField" Date="20181201" Time="170234">CalculateField BedrockUnit UnitGroup "Koip sequence" VB #</Process><Process ToolSource="c:\program files (x86)\arcgis\desktop10.6\ArcToolbox\Toolboxes\Data Management Tools.tbx\CalculateField" Date="20181201" Time="170251">CalculateField BedrockUnit RockType "Metamorphic" VB #</Process><Process ToolSource="c:\program files (x86)\arcgis\desktop10.6\ArcToolbox\Toolboxes\Data Management Tools.tbx\CalculateField" Date="20181201" Time="170407">CalculateField BedrockUnit RockSubtype "Volcanic" VB #</Process><Process ToolSource="c:\program files (x86)\arcgis\desktop10.6\ArcToolbox\Toolboxes\Data Management Tools.tbx\CalculateField" Date="20181201" Time="173632">CalculateField BedrockUnit GeologicAge "Tr" VB #</Process><Process ToolSource="c:\program files (x86)\arcgis\desktop10.6\ArcToolbox\Toolboxes\Data Management Tools.tbx\CalculateField" Date="20181201" Time="173645">CalculateField BedrockUnit RockType "Metamorphic" VB #</Process><Process ToolSource="c:\program files (x86)\arcgis\desktop10.6\ArcToolbox\Toolboxes\Data Management Tools.tbx\CalculateField" Date="20181201" Time="173656">CalculateField BedrockUnit RockSubtype "Volcanic" VB #</Process><Process ToolSource="c:\program files (x86)\arcgis\desktop10.6\ArcToolbox\Toolboxes\Data Management Tools.tbx\CalculateField" Date="20181201" Time="173713">CalculateField BedrockUnit UnitGroup "Koip sequence" VB #</Process><Process ToolSource="c:\program files (x86)\arcgis\desktop10.6\ArcToolbox\Toolboxes\Data Management Tools.tbx\CalculateField" Date="20181201" Time="205152">CalculateField BedrockUnit RockType "Metamorphic" VB #</Process><Process ToolSource="c:\program files (x86)\arcgis\desktop10.6\ArcToolbox\Toolboxes\Data Management Tools.tbx\CalculateField" Date="20181201" Time="205350">CalculateField BedrockUnit RockType "Metamorphic" VB #</Process><Process ToolSource="c:\program files (x86)\arcgis\desktop10.6\ArcToolbox\Toolboxes\Data Management Tools.tbx\CalculateField" Date="20181201" Time="205404">CalculateField BedrockUnit GeologicAge "JTr" VB #</Process><Process ToolSource="c:\program files (x86)\arcgis\desktop10.6\ArcToolbox\Toolboxes\Data Management Tools.tbx\CalculateField" Date="20181201" Time="205819">CalculateField BedrockUnit GeologicAge "JTr" VB #</Process><Process ToolSource="c:\program files (x86)\arcgis\desktop10.6\ArcToolbox\Toolboxes\Data Management Tools.tbx\CalculateField" Date="20181201" Time="205837">CalculateField BedrockUnit RockType "Metamorphic" VB #</Process><Process ToolSource="c:\program files (x86)\arcgis\desktop10.6\ArcToolbox\Toolboxes\Data Management Tools.tbx\CalculateField" Date="20181201" Time="210112">CalculateField BedrockUnit RockType "Metamorphic" VB #</Process><Process ToolSource="c:\program files (x86)\arcgis\desktop10.6\ArcToolbox\Toolboxes\Data Management Tools.tbx\CalculateField" Date="20181203" Time="201647">CalculateField BedrockUnit RockType "Intrusive" VB #</Process><Process ToolSource="c:\program files (x86)\arcgis\desktop10.6\ArcToolbox\Toolboxes\Data Management Tools.tbx\CalculateField" Date="20181203" Time="202559">CalculateField BedrockUnit GeologicAge "K" VB #</Process><Process ToolSource="c:\program files (x86)\arcgis\desktop10.6\ArcToolbox\Toolboxes\Data Management Tools.tbx\CalculateField" Date="20181203" Time="202706">CalculateField BedrockUnit GeologicAge "K" VB #</Process><Process ToolSource="c:\program files (x86)\arcgis\desktop10.6\ArcToolbox\Toolboxes\Data Management Tools.tbx\CalculateField" Date="20181203" Time="202728">CalculateField BedrockUnit RockType "Metamorphic" VB #</Process><Process ToolSource="c:\program files (x86)\arcgis\desktop10.6\ArcToolbox\Toolboxes\Data Management Tools.tbx\CalculateField" Date="20181205" Time="192152">CalculateField BedrockUnit GeologicAge "J" VB #</Process><Process ToolSource="c:\program files (x86)\arcgis\desktop10.6\ArcToolbox\Toolboxes\Data Management Tools.tbx\CalculateField" Date="20181205" Time="192210">CalculateField BedrockUnit DisplayName "gic" VB #</Process><Process ToolSource="c:\program files (x86)\arcgis\desktop10.6\ArcToolbox\Toolboxes\Data Management Tools.tbx\CalculateField" Date="20181205" Time="192234">CalculateField BedrockUnit UnitSupergroup "GIC" VB #</Process><Process ToolSource="c:\program files (x86)\arcgis\desktop10.6\ArcToolbox\Toolboxes\Data Management Tools.tbx\CalculateField" Date="20181205" Time="192249">CalculateField BedrockUnit RockType "Intrusive" VB #</Process><Process ToolSource="c:\program files (x86)\arcgis\desktop10.6\ArcToolbox\Toolboxes\Data Management Tools.tbx\CalculateField" Date="20181205" Time="192308">CalculateField BedrockUnit RockSubtype "?" VB #</Process><Process ToolSource="c:\program files (x86)\arcgis\desktop10.6\ArcToolbox\Toolboxes\Data Management Tools.tbx\CalculateField" Date="20181205" Time="220758">CalculateField BedrockUnit GeologicAge "J" VB #</Process><Process ToolSource="c:\program files (x86)\arcgis\desktop10.6\ArcToolbox\Toolboxes\Data Management Tools.tbx\CalculateField" Date="20181205" Time="220819">CalculateField BedrockUnit DisplayName "mv" VB #</Process><Process ToolSource="c:\program files (x86)\arcgis\desktop10.6\ArcToolbox\Toolboxes\Data Management Tools.tbx\CalculateField" Date="20181205" Time="220847">CalculateField BedrockUnit RockSubtype "Volcanic" VB #</Process><Process ToolSource="c:\program files (x86)\arcgis\desktop10.6\ArcToolbox\Toolboxes\Data Management Tools.tbx\CalculateField" Date="20181205" Time="220910">CalculateField BedrockUnit RockType "Metamorphic" VB #</Process><Process ToolSource="c:\program files (x86)\arcgis\desktop10.6\ArcToolbox\Toolboxes\Data Management Tools.tbx\CalculateField" Date="20181205" Time="222533">CalculateField BedrockUnit GeologicAge "J" VB #</Process><Process ToolSource="c:\program files (x86)\arcgis\desktop10.6\ArcToolbox\Toolboxes\Data Management Tools.tbx\CalculateField" Date="20181205" Time="222601">CalculateField BedrockUnit RockType "intrusive" VB #</Process><Process ToolSource="c:\program files (x86)\arcgis\desktop10.6\ArcToolbox\Toolboxes\Data Management Tools.tbx\CalculateField" Date="20181205" Time="222634">CalculateField BedrockUnit RockSubtype "Plutonic"
 VB #</Process><Process ToolSource="c:\program files (x86)\arcgis\desktop10.6\ArcToolbox\Toolboxes\Data Management Tools.tbx\CalculateField" Date="20181205" Time="222701">CalculateField BedrockUnit RockType "Intrusive" VB #</Process><Process ToolSource="c:\program files (x86)\arcgis\desktop10.6\ArcToolbox\Toolboxes\Data Management Tools.tbx\CalculateField" Date="20181206" Time="105645">CalculateField BedrockUnit GeologicAge "J" VB #</Process><Process ToolSource="c:\program files (x86)\arcgis\desktop10.6\ArcToolbox\Toolboxes\Data Management Tools.tbx\CalculateField" Date="20181206" Time="105704">CalculateField BedrockUnit RockType "Metamorphic" VB #</Process><Process ToolSource="c:\program files (x86)\arcgis\desktop10.6\ArcToolbox\Toolboxes\Data Management Tools.tbx\CalculateField" Date="20181206" Time="105722">CalculateField BedrockUnit RockSubtype "Volcanic" VB #</Process><Process ToolSource="c:\program files (x86)\arcgis\desktop10.6\ArcToolbox\Toolboxes\Data Management Tools.tbx\CalculateField" Date="20181206" Time="110525">CalculateField BedrockUnit RockSubtype "Sedimentary" VB #</Process><Process ToolSource="c:\program files (x86)\arcgis\desktop10.6\ArcToolbox\Toolboxes\Data Management Tools.tbx\CalculateField" Date="20181206" Time="110602">CalculateField BedrockUnit RockType "Metamorphic" VB #</Process><Process ToolSource="c:\program files (x86)\arcgis\desktop10.6\ArcToolbox\Toolboxes\Data Management Tools.tbx\CalculateField" Date="20181206" Time="110619">CalculateField BedrockUnit GeologicAge "J" VB #</Process><Process ToolSource="c:\program files (x86)\arcgis\desktop10.6\ArcToolbox\Toolboxes\Data Management Tools.tbx\CalculateField" Date="20181206" Time="111052">CalculateField BedrockUnit RockType "Intrusive" VB #</Process><Process ToolSource="c:\program files (x86)\arcgis\desktop10.6\ArcToolbox\Toolboxes\Data Management Tools.tbx\CalculateField" Date="20181206" Time="111109">CalculateField BedrockUnit RockSubtype "Plutonic" VB #</Process><Process ToolSource="c:\program files (x86)\arcgis\desktop10.6\ArcToolbox\Toolboxes\Data Management Tools.tbx\CalculateField" Date="20181206" Time="111130">CalculateField BedrockUnit UnitName "mafic dikes near GIC" VB #</Process><Process ToolSource="c:\program files (x86)\arcgis\desktop10.6\ArcToolbox\Toolboxes\Data Management Tools.tbx\CalculateField" Date="20181206" Time="111234">CalculateField BedrockUnit UnitGroup "undivided mafic intrusions" VB #</Process><Process ToolSource="c:\program files (x86)\arcgis\desktop10.6\ArcToolbox\Toolboxes\Data Management Tools.tbx\CalculateField" Date="20181206" Time="111247">CalculateField BedrockUnit GeologicAge "J" VB #</Process><Process ToolSource="c:\program files (x86)\arcgis\desktop10.6\ArcToolbox\Toolboxes\Data Management Tools.tbx\CalculateField" Date="20181206" Time="111256">CalculateField BedrockUnit DisplayName "mu" VB #</Process><Process ToolSource="c:\program files (x86)\arcgis\desktop10.6\ArcToolbox\Toolboxes\Data Management Tools.tbx\CalculateField" Date="20181206" Time="112154">CalculateField BedrockUnit RockType "Intrusive" VB #</Process><Process ToolSource="c:\program files (x86)\arcgis\desktop10.6\ArcToolbox\Toolboxes\Data Management Tools.tbx\CalculateField" Date="20181206" Time="112206">CalculateField BedrockUnit RockSubtype "?" VB #</Process><Process ToolSource="c:\program files (x86)\arcgis\desktop10.6\ArcToolbox\Toolboxes\Data Management Tools.tbx\CalculateField" Date="20181206" Time="112218">CalculateField BedrockUnit GeologicAge "J" VB #</Process><Process ToolSource="c:\program files (x86)\arcgis\desktop10.6\ArcToolbox\Toolboxes\Data Management Tools.tbx\CalculateField" Date="20181206" Time="132726">CalculateField BedrockUnit RockSubtype "Sedimentary" VB #</Process><Process ToolSource="c:\program files (x86)\arcgis\desktop10.6\ArcToolbox\Toolboxes\Data Management Tools.tbx\CalculateField" Date="20181206" Time="132744">CalculateField BedrockUnit RockType "Metamorphic" VB #</Process><Process ToolSource="c:\program files (x86)\arcgis\desktop10.6\ArcToolbox\Toolboxes\Data Management Tools.tbx\CalculateField" Date="20181206" Time="132915">CalculateField BedrockUnit GeologicAge "J" VB #</Process><Process ToolSource="c:\program files (x86)\arcgis\desktop10.6\ArcToolbox\Toolboxes\Data Management Tools.tbx\CalculateField" Date="20181206" Time="134754">CalculateField BedrockUnit UnitGroup "undivided mafic intrusions" VB #</Process><Process ToolSource="c:\program files (x86)\arcgis\desktop10.6\ArcToolbox\Toolboxes\Data Management Tools.tbx\CalculateField" Date="20181206" Time="134814">CalculateField BedrockUnit RockType "Intrusive" VB #</Process><Process ToolSource="c:\program files (x86)\arcgis\desktop10.6\ArcToolbox\Toolboxes\Data Management Tools.tbx\CalculateField" Date="20181206" Time="134839">CalculateField BedrockUnit RockSubtype "Plutonic" VB #</Process><Process ToolSource="c:\program files (x86)\arcgis\desktop10.6\ArcToolbox\Toolboxes\Data Management Tools.tbx\CalculateField" Date="20181206" Time="134902">CalculateField BedrockUnit GeologicAge "J" VB #</Process><Process ToolSource="c:\program files (x86)\arcgis\desktop10.6\ArcToolbox\Toolboxes\Data Management Tools.tbx\CalculateField" Date="20181206" Time="134929">CalculateField BedrockUnit DisplayName "mu" VB #</Process><Process ToolSource="c:\program files (x86)\arcgis\desktop10.6\ArcToolbox\Toolboxes\Data Management Tools.tbx\CalculateField" Date="20181206" Time="140436">CalculateField BedrockUnit GeologicAge "Pz" VB #</Process><Process ToolSource="c:\program files (x86)\arcgis\desktop10.6\ArcToolbox\Toolboxes\Data Management Tools.tbx\CalculateField" Date="20181206" Time="140457">CalculateField BedrockUnit DisplayName "og" VB #</Process><Process ToolSource="c:\program files (x86)\arcgis\desktop10.6\ArcToolbox\Toolboxes\Data Management Tools.tbx\CalculateField" Date="20181206" Time="140547">CalculateField BedrockUnit UnitName "orthogneiss" VB #</Process><Process ToolSource="c:\program files (x86)\arcgis\desktop10.6\ArcToolbox\Toolboxes\Data Management Tools.tbx\CalculateField" Date="20181206" Time="140610">CalculateField BedrockUnit RockType "Intrusive" VB #</Process><Process ToolSource="c:\program files (x86)\arcgis\desktop10.6\ArcToolbox\Toolboxes\Data Management Tools.tbx\CalculateField" Date="20181206" Time="140637">CalculateField BedrockUnit RockSubtype "Plutonic" VB #</Process><Process ToolSource="c:\program files (x86)\arcgis\desktop10.6\ArcToolbox\Toolboxes\Data Management Tools.tbx\CalculateField" Date="20181206" Time="141118">CalculateField BedrockUnit RockType "Metamorphic" VB #</Process><Process ToolSource="c:\program files (x86)\arcgis\desktop10.6\ArcToolbox\Toolboxes\Data Management Tools.tbx\CalculateField" Date="20181206" Time="141143">CalculateField BedrockUnit RockSubtype "Sedimentary" VB #</Process><Process ToolSource="c:\program files (x86)\arcgis\desktop10.6\ArcToolbox\Toolboxes\Data Management Tools.tbx\CalculateField" Date="20181206" Time="141206">CalculateField BedrockUnit GeologicAge "Pz" VB #</Process><Process ToolSource="c:\program files (x86)\arcgis\desktop10.6\ArcToolbox\Toolboxes\Data Management Tools.tbx\CalculateField" Date="20181206" Time="141234">CalculateField BedrockUnit UnitGroup "Shoo Fly Complex" VB #</Process><Process ToolSource="c:\program files (x86)\arcgis\desktop10.6\ArcToolbox\Toolboxes\Data Management Tools.tbx\CalculateField" Date="20181206" Time="141305">CalculateField BedrockUnit UnitSupergroup "Northern Sierra terrane" VB #</Process><Process ToolSource="c:\program files (x86)\arcgis\desktop10.6\ArcToolbox\Toolboxes\Data Management Tools.tbx\CalculateField" Date="20181206" Time="141708">CalculateField BedrockUnit GeologicAge "Pz" VB #</Process><Process ToolSource="c:\program files (x86)\arcgis\desktop10.6\ArcToolbox\Toolboxes\Data Management Tools.tbx\CalculateField" Date="20181206" Time="141719">CalculateField BedrockUnit DisplayName "og" VB #</Process><Process ToolSource="c:\program files (x86)\arcgis\desktop10.6\ArcToolbox\Toolboxes\Data Management Tools.tbx\CalculateField" Date="20181206" Time="141730">CalculateField BedrockUnit UnitName "orthogneiss" VB #</Process><Process ToolSource="c:\program files (x86)\arcgis\desktop10.6\ArcToolbox\Toolboxes\Data Management Tools.tbx\CalculateField" Date="20181206" Time="141812">CalculateField BedrockUnit UnitGroup "southern Shoo Fly Pz intrusions" VB #</Process><Process ToolSource="c:\program files (x86)\arcgis\desktop10.6\ArcToolbox\Toolboxes\Data Management Tools.tbx\CalculateField" Date="20181206" Time="141842">CalculateField BedrockUnit UnitSupergroup "Northern Sierra terrane" VB #</Process><Process ToolSource="c:\program files (x86)\arcgis\desktop10.6\ArcToolbox\Toolboxes\Data Management Tools.tbx\CalculateField" Date="20181206" Time="141901">CalculateField BedrockUnit RockType "Intrusive" VB #</Process><Process ToolSource="c:\program files (x86)\arcgis\desktop10.6\ArcToolbox\Toolboxes\Data Management Tools.tbx\CalculateField" Date="20181206" Time="141931">CalculateField BedrockUnit RockSubtype "Plutonic" VB #</Process><Process ToolSource="c:\program files (x86)\arcgis\desktop10.6\ArcToolbox\Toolboxes\Data Management Tools.tbx\CalculateField" Date="20181206" Time="142021">CalculateField BedrockUnit GeologicAge "Pz" VB #</Process><Process ToolSource="c:\program files (x86)\arcgis\desktop10.6\ArcToolbox\Toolboxes\Data Management Tools.tbx\CalculateField" Date="20181206" Time="142042">CalculateField BedrockUnit UnitGroup "Shoo Fly complex" VB #</Process><Process ToolSource="c:\program files (x86)\arcgis\desktop10.6\ArcToolbox\Toolboxes\Data Management Tools.tbx\CalculateField" Date="20181206" Time="142059">CalculateField BedrockUnit UnitSupergroup "Northern Sierra terrane" VB #</Process><Process ToolSource="c:\program files (x86)\arcgis\desktop10.6\ArcToolbox\Toolboxes\Data Management Tools.tbx\CalculateField" Date="20181206" Time="142113">CalculateField BedrockUnit RockType "Metamorphic" VB #</Process><Process ToolSource="c:\program files (x86)\arcgis\desktop10.6\ArcToolbox\Toolboxes\Data Management Tools.tbx\CalculateField" Date="20181206" Time="142126">CalculateField BedrockUnit RockSubtype "Sedimentary" VB #</Process><Process ToolSource="c:\program files (x86)\arcgis\desktop10.6\ArcToolbox\Toolboxes\Data Management Tools.tbx\CalculateField" Date="20181206" Time="144534">CalculateField BedrockUnit GeologicAge "Mz" VB #</Process><Process ToolSource="c:\program files (x86)\arcgis\desktop10.6\ArcToolbox\Toolboxes\Data Management Tools.tbx\CalculateField" Date="20181206" Time="144618">CalculateField BedrockUnit UnitName "serpentinite" VB #</Process><Process ToolSource="c:\program files (x86)\arcgis\desktop10.6\ArcToolbox\Toolboxes\Data Management Tools.tbx\CalculateField" Date="20181206" Time="144641">CalculateField BedrockUnit RockType "Metamorphic" VB #</Process><Process ToolSource="c:\program files (x86)\arcgis\desktop10.6\ArcToolbox\Toolboxes\Data Management Tools.tbx\CalculateField" Date="20181206" Time="144659">CalculateField BedrockUnit RockSubtype "Sedimentary" VB #</Process><Process ToolSource="c:\program files (x86)\arcgis\desktop10.6\ArcToolbox\Toolboxes\Data Management Tools.tbx\CalculateField" Date="20181206" Time="150027">CalculateField BedrockUnit GeologicAge "JTr" VB #</Process><Process ToolSource="c:\program files (x86)\arcgis\desktop10.6\ArcToolbox\Toolboxes\Data Management Tools.tbx\CalculateField" Date="20181206" Time="150106">CalculateField BedrockUnit RockType "Metamorphic" VB #</Process><Process ToolSource="c:\program files (x86)\arcgis\desktop10.6\ArcToolbox\Toolboxes\Data Management Tools.tbx\CalculateField" Date="20181206" Time="150128">CalculateField BedrockUnit RockSubtype "Volcanic" VB #</Process><Process ToolSource="c:\program files (x86)\arcgis\desktop10.6\ArcToolbox\Toolboxes\Data Management Tools.tbx\CalculateField" Date="20181206" Time="152657">CalculateField BedrockUnit GeologicAge "J" VB #</Process><Process ToolSource="c:\program files (x86)\arcgis\desktop10.6\ArcToolbox\Toolboxes\Data Management Tools.tbx\CalculateField" Date="20181206" Time="152712">CalculateField BedrockUnit RockType "Metamorphic" VB #</Process><Process ToolSource="c:\program files (x86)\arcgis\desktop10.6\ArcToolbox\Toolboxes\Data Management Tools.tbx\CalculateField" Date="20181206" Time="152726">CalculateField BedrockUnit RockSubtype "Sedimentary" VB #</Process><Process ToolSource="c:\program files (x86)\arcgis\desktop10.8\ArcToolbox\Toolboxes\Data Management Tools.tbx\CalculateField" Date="20231212" Time="135214">CalculateField CentralSierraNevadaCretaceousIntrusions UnitSupergroup "Fine Gold Intrusive Suite" VB #</Process><Process ToolSource="c:\program files (x86)\arcgis\desktop10.8\ArcToolbox\Toolboxes\Data Management Tools.tbx\CalculateField" Date="20231212" Time="135612">CalculateField CentralSierraNevadaCretaceousIntrusions UnitSupergroup "Tuolumne Intrusive Suite" VB #</Process><Process ToolSource="c:\program files (x86)\arcgis\desktop10.8\ArcToolbox\Toolboxes\Data Management Tools.tbx\CalculateField" Date="20231212" Time="135651">CalculateField CentralSierraNevadaCretaceousIntrusions UnitSupergroup "Yosemite Valley intrusive suite" VB #</Process><Process ToolSource="c:\program files (x86)\arcgis\desktop10.8\ArcToolbox\Toolboxes\Data Management Tools.tbx\CalculateField" Date="20231212" Time="135845">CalculateField CentralSierraNevadaCretaceousIntrusions UnitSupergroup "Yosemite Creek Pluton" VB #</Process><Process ToolSource="c:\program files (x86)\arcgis\desktop10.8\ArcToolbox\Toolboxes\Data Management Tools.tbx\CalculateField" Date="20231212" Time="135903">CalculateField CentralSierraNevadaCretaceousIntrusions UnitSupergroup NULL VB #</Process><Process ToolSource="c:\program files (x86)\arcgis\desktop10.8\ArcToolbox\Toolboxes\Data Management Tools.tbx\CalculateField" Date="20231212" Time="141009">CalculateField CentralSierraNevadaCretaceousIntrusions UnitSupergroup NULL VB #</Process><Process ToolSource="c:\program files (x86)\arcgis\desktop10.8\ArcToolbox\Toolboxes\Data Management Tools.tbx\CalculateField" Date="20231212" Time="145050">CalculateField CentralSierraNevadaCretaceousIntrusions UnitSupergroup "unassigned" VB #</Process><Process ToolSource="c:\program files (x86)\arcgis\desktop10.8\ArcToolbox\Toolboxes\Data Management Tools.tbx\CalculateField" Date="20231212" Time="145923">CalculateField CentralSierraNevadaCretaceousIntrusions UnitGroup "Mono Dome pluton" VB #</Process><Process ToolSource="c:\program files (x86)\arcgis\desktop10.8\ArcToolbox\Toolboxes\Data Management Tools.tbx\CalculateField" Date="20231212" Time="145931">CalculateField CentralSierraNevadaCretaceousIntrusions UnitSupergroup "unassigned" VB #</Process><Process ToolSource="c:\program files (x86)\arcgis\desktop10.8\ArcToolbox\Toolboxes\Data Management Tools.tbx\CalculateField" Date="20231212" Time="161336">CalculateField CentralSierraNevadaCretaceousIntrusions UnitSupergroup "unassigned" VB #</Process><Process ToolSource="c:\program files (x86)\arcgis\desktop10.8\ArcToolbox\Toolboxes\Data Management Tools.tbx\CalculateField" Date="20231212" Time="163534">CalculateField CentralSierraNevadaCretaceousIntrusions UnitSupergroup "unassigned" VB #</Process><Process ToolSource="c:\program files (x86)\arcgis\desktop10.8\ArcToolbox\Toolboxes\Data Management Tools.tbx\CalculateField" Date="20231212" Time="163546">CalculateField CentralSierraNevadaCretaceousIntrusions UnitGroup "undivided hypabyssal intrusions" VB #</Process><Process ToolSource="c:\program files (x86)\arcgis\desktop10.8\ArcToolbox\Toolboxes\Data Management Tools.tbx\CalculateField" Date="20231212" Time="170459">CalculateField CentralSierraNevadaCretaceousIntrusions UnitSupergroup "unassigned" VB #</Process><Process ToolSource="c:\program files (x86)\arcgis\desktop10.8\ArcToolbox\Toolboxes\Data Management Tools.tbx\CalculateField" Date="20231212" Time="170607">CalculateField CentralSierraNevadaCretaceousIntrusions UnitSupergroup "unassigned" VB #</Process><Process ToolSource="c:\program files (x86)\arcgis\desktop10.8\ArcToolbox\Toolboxes\Data Management Tools.tbx\CalculateField" Date="20231212" Time="170839">CalculateField CentralSierraNevadaCretaceousIntrusions UnitSupergroup "unassigned" VB #</Process><Process ToolSource="c:\program files (x86)\arcgis\desktop10.8\ArcToolbox\Toolboxes\Data Management Tools.tbx\CalculateField" Date="20231219" Time="134919">CalculateField CentralSierraNevadaCretaceousIntrusions Texture NULL VB #</Process><Process ToolSource="c:\program files (x86)\arcgis\desktop10.8\ArcToolbox\Toolboxes\Data Management Tools.tbx\CalculateField" Date="20231219" Time="135034">CalculateField CentralSierraNevadaCretaceousIntrusions Texture "porphyritic" VB #</Process><Process ToolSource="c:\program files (x86)\arcgis\desktop10.8\ArcToolbox\Toolboxes\Data Management Tools.tbx\CalculateField" Date="20231219" Time="135417">CalculateField CentralSierraNevadaCretaceousIntrusions Comment NULL VB #</Process><Process ToolSource="c:\program files (x86)\arcgis\desktop10.8\ArcToolbox\Toolboxes\Data Management Tools.tbx\CalculateField" Date="20231219" Time="135517">CalculateField CentralSierraNevadaCretaceousIntrusions Lithology NULL VB #</Process><Process ToolSource="c:\program files (x86)\arcgis\desktop10.8\ArcToolbox\Toolboxes\Data Management Tools.tbx\CalculateField" Date="20231219" Time="135742">CalculateField CentralSierraNevadaCretaceousIntrusions Lithology "diorite" VB #</Process><Process ToolSource="c:\program files (x86)\arcgis\desktop10.8\ArcToolbox\Toolboxes\Data Management Tools.tbx\CalculateField" Date="20231219" Time="135755">CalculateField CentralSierraNevadaCretaceousIntrusions Lithology "diorite-gabbro" VB #</Process><Process ToolSource="c:\program files (x86)\arcgis\desktop10.8\ArcToolbox\Toolboxes\Data Management Tools.tbx\CalculateField" Date="20231219" Time="135827">CalculateField CentralSierraNevadaCretaceousIntrusions Lithology "granite" VB #</Process><Process ToolSource="c:\program files (x86)\arcgis\desktop10.8\ArcToolbox\Toolboxes\Data Management Tools.tbx\CalculateField" Date="20231219" Time="135909">CalculateField CentralSierraNevadaCretaceousIntrusions Lithology "granodiorite" VB #</Process><Process ToolSource="c:\program files (x86)\arcgis\desktop10.8\ArcToolbox\Toolboxes\Data Management Tools.tbx\CalculateField" Date="20231219" Time="140036">CalculateField CentralSierraNevadaCretaceousIntrusions Lithology "leucogranite" VB #</Process><Process ToolSource="c:\program files (x86)\arcgis\desktop10.8\ArcToolbox\Toolboxes\Data Management Tools.tbx\CalculateField" Date="20231219" Time="140449">CalculateField CentralSierraNevadaCretaceousIntrusions RockSubtype "Plutonic" VB #</Process><Process ToolSource="c:\program files (x86)\arcgis\desktop10.8\ArcToolbox\Toolboxes\Data Management Tools.tbx\CalculateField" Date="20231219" Time="140607">CalculateField CentralSierraNevadaCretaceousIntrusions UnitGroup NULL VB #</Process><Process ToolSource="c:\program files (x86)\arcgis\desktop10.8\ArcToolbox\Toolboxes\Data Management Tools.tbx\CalculateField" Date="20231219" Time="140935">CalculateField CentralSierraNevadaCretaceousIntrusions UnitGroup "Bass Lake Tonalite" VB #</Process><Process ToolSource="c:\program files (x86)\arcgis\desktop10.8\ArcToolbox\Toolboxes\Data Management Tools.tbx\CalculateField" Date="20231219" Time="141242">CalculateField CentralSierraNevadaCretaceousIntrusions UnitGroup "El Capitan Granite" VB #</Process><Process ToolSource="c:\program files (x86)\arcgis\desktop10.8\ArcToolbox\Toolboxes\Data Management Tools.tbx\CalculateField" Date="20231219" Time="141712">CalculateField CentralSierraNevadaCretaceousIntrusions UnitGroup "Equigranular Half Dome phase" VB #</Process><Process ToolSource="c:\program files (x86)\arcgis\desktop10.8\ArcToolbox\Toolboxes\Data Management Tools.tbx\CalculateField" Date="20231219" Time="142226">CalculateField CentralSierraNevadaCretaceousIntrusions UnitGroup NULL VB #</Process><Process ToolSource="c:\program files (x86)\arcgis\desktop10.8\ArcToolbox\Toolboxes\Data Management Tools.tbx\CalculateField" Date="20231219" Time="153323">CalculateField CentralSierraNevadaCretaceousIntrusions UnitGroup "Mount Hoffman granodiorite" VB #</Process><Process ToolSource="c:\program files (x86)\arcgis\desktop10.8\ArcToolbox\Toolboxes\Data Management Tools.tbx\CalculateField" Date="20231219" Time="153333">CalculateField CentralSierraNevadaCretaceousIntrusions UnitName "Mount Hoffman granodiorite" VB #</Process><Process ToolSource="c:\program files (x86)\arcgis\desktop10.8\ArcToolbox\Toolboxes\Data Management Tools.tbx\CalculateField" Date="20231219" Time="153532">CalculateField CentralSierraNevadaCretaceousIntrusions UnitGroup "El Capitan Granite" VB #</Process><Process ToolSource="c:\program files (x86)\arcgis\desktop10.8\ArcToolbox\Toolboxes\Data Management Tools.tbx\CalculateField" Date="20231219" Time="162422">CalculateField CentralSierraNevadaCretaceousIntrusions UnitSupergroup "unassigned Early Cretaceous plutons northwest of the Tuolumne margin" VB #</Process><Process ToolSource="c:\program files (x86)\arcgis\desktop10.8\ArcToolbox\Toolboxes\Data Management Tools.tbx\CalculateField" Date="20231219" Time="163156">CalculateField CentralSierraNevadaCretaceousIntrusions UnitSupergroup "unassigned Early Cretaceous Ritter Range hypabyssal intrusions" VB #</Process><Process ToolSource="c:\program files (x86)\arcgis\desktop10.8\ArcToolbox\Toolboxes\Data Management Tools.tbx\CalculateField" Date="20231219" Time="164439">CalculateField CentralSierraNevadaCretaceousIntrusions UnitSupergroup "unassigned intrusions of the Iron Mountain complex" VB #</Process><Process ToolSource="c:\program files (x86)\arcgis\desktop10.8\ArcToolbox\Toolboxes\Data Management Tools.tbx\CalculateField" Date="20231219" Time="164530">CalculateField CentralSierraNevadaCretaceousIntrusions UnitSupergroup "unassigned intrusions of the Iron Mountain complex" VB #</Process><Process ToolSource="c:\program files (x86)\arcgis\desktop10.8\ArcToolbox\Toolboxes\Conversion Tools.tbx\FeatureClassToFeatureClass" Date="20231220" Time="115404">FeatureClassToFeatureClass C:\Users\sattia\Documents\GIS_SierraStuff_BureauComputer\CentralSierraMapSynthesis\MapCompilation\CentralSierraNevada.gdb\CentralSierraNevadaCretaceousIntrusions C:\Users\sattia\Documents\GIS_SierraStuff_BureauComputer\CentralSierraMapSynthesis\MapCompilation\CentralSierraNevada.gdb CretaceousIntrusionsExtentPolygons # "RockType "RockType" true true false 50 Text 0 0 ,First,#,C:\Users\sattia\Documents\GIS_SierraStuff_BureauComputer\CentralSierraMapSynthesis\MapCompilation\CentralSierraNevada.gdb\CentralSierraNevadaCretaceousIntrusions,RockType,-1,-1" #</Process><Process ToolSource="c:\program files (x86)\arcgis\desktop10.8\ArcToolbox\Toolboxes\Conversion Tools.tbx\FeatureClassToFeatureClass" Date="20231220" Time="115637">FeatureClassToFeatureClass C:\Users\sattia\Documents\GIS_SierraStuff_BureauComputer\CentralSierraMapSynthesis\MapCompilation\CentralSierraNevada.gdb\CretaceousIntrusionsExtentPolygons C:\Users\sattia\Downloads CretaceousIntrusionsExtentPolygons.shp # "RockType "RockType" true true false 50 Text 0 0 ,First,#,C:\Users\sattia\Documents\GIS_SierraStuff_BureauComputer\CentralSierraMapSynthesis\MapCompilation\CentralSierraNevada.gdb\CretaceousIntrusionsExtentPolygons,RockType,-1,-1;Shape_Leng "Shape_Leng" false true true 8 Double 0 0 ,First,#,C:\Users\sattia\Documents\GIS_SierraStuff_BureauComputer\CentralSierraMapSynthesis\MapCompilation\CentralSierraNevada.gdb\CretaceousIntrusionsExtentPolygons,Shape_Length,-1,-1;Shape_Area "Shape_Area" false true true 8 Double 0 0 ,First,#,C:\Users\sattia\Documents\GIS_SierraStuff_BureauComputer\CentralSierraMapSynthesis\MapCompilation\CentralSierraNevada.gdb\CretaceousIntrusionsExtentPolygons,Shape_Area,-1,-1;CreatedBy "CreatedBy" true true false 50 Text 0 0 ,First,#,C:\Users\sattia\Documents\GIS_SierraStuff_BureauComputer\CentralSierraMapSynthesis\MapCompilation\CentralSierraNevada.gdb\CretaceousIntrusionsExtentPolygons,CreatedBy,-1,-1;CreateDate "CreateDate" true true false 8 Date 0 0 ,First,#,C:\Users\sattia\Documents\GIS_SierraStuff_BureauComputer\CentralSierraMapSynthesis\MapCompilation\CentralSierraNevada.gdb\CretaceousIntrusionsExtentPolygons,CreateDate,-1,-1;LastEditor "LastEditor" true true false 50 Text 0 0 ,First,#,C:\Users\sattia\Documents\GIS_SierraStuff_BureauComputer\CentralSierraMapSynthesis\MapCompilation\CentralSierraNevada.gdb\CretaceousIntrusionsExtentPolygons,LastEditor,-1,-1;EditDate "EditDate" true true false 8 Date 0 0 ,First,#,C:\Users\sattia\Documents\GIS_SierraStuff_BureauComputer\CentralSierraMapSynthesis\MapCompilation\CentralSierraNevada.gdb\CretaceousIntrusionsExtentPolygons,EditDate,-1,-1" #</Process></lineage><itemProps><itemLocation><linkage Sync="TRUE">file://\\332-2\C$\Users\sattia\Downloads\CretaceousIntrusionsExtentPolygons.shp</linkage><protocol Sync="TRUE">Local Area Network</protocol></itemLocation><itemName Sync="TRUE">CretaceousIntrusionsExtentPolygons</itemName><imsContentType Sync="TRUE">002</imsContentType><itemSize Sync="TRUE">0.000</itemSize></itemProps><coordRef><type Sync="TRUE">Projected</type><geogcsn Sync="TRUE">GCS_North_American_1927</geogcsn><csUnits Sync="TRUE">Linear Unit: Meter (1.000000)</csUnits><projcsn Sync="TRUE">NAD_1927_UTM_Zone_11N</projcsn><peXml Sync="TRUE">&lt;ProjectedCoordinateSystem xsi:type='typens:ProjectedCoordinateSystem' xmlns:xsi='http://www.w3.org/2001/XMLSchema-instance' xmlns:xs='http://www.w3.org/2001/XMLSchema' xmlns:typens='http://www.esri.com/schemas/ArcGIS/10.8'&gt;&lt;WKT&gt;PROJCS[&amp;quot;NAD_1927_UTM_Zone_11N&amp;quot;,GEOGCS[&amp;quot;GCS_North_American_1927&amp;quot;,DATUM[&amp;quot;D_North_American_1927&amp;quot;,SPHEROID[&amp;quot;Clarke_1866&amp;quot;,6378206.4,294.9786982]],PRIMEM[&amp;quot;Greenwich&amp;quot;,0.0],UNIT[&amp;quot;Degree&amp;quot;,0.0174532925199433]],PROJECTION[&amp;quot;Transverse_Mercator&amp;quot;],PARAMETER[&amp;quot;False_Easting&amp;quot;,500000.0],PARAMETER[&amp;quot;False_Northing&amp;quot;,0.0],PARAMETER[&amp;quot;Central_Meridian&amp;quot;,-117.0],PARAMETER[&amp;quot;Scale_Factor&amp;quot;,0.9996],PARAMETER[&amp;quot;Latitude_Of_Origin&amp;quot;,0.0],UNIT[&amp;quot;Meter&amp;quot;,1.0],AUTHORITY[&amp;quot;EPSG&amp;quot;,26711]]&lt;/WKT&gt;&lt;XOrigin&gt;-5121000&lt;/XOrigin&gt;&lt;YOrigin&gt;-9998000&lt;/YOrigin&gt;&lt;XYScale&gt;450450052.74759901&lt;/XYScale&gt;&lt;ZOrigin&gt;-100000&lt;/ZOrigin&gt;&lt;ZScale&gt;10000&lt;/ZScale&gt;&lt;MOrigin&gt;-100000&lt;/MOrigin&gt;&lt;MScale&gt;10000&lt;/MScale&gt;&lt;XYTolerance&gt;0.001&lt;/XYTolerance&gt;&lt;ZTolerance&gt;0.001&lt;/ZTolerance&gt;&lt;MTolerance&gt;0.001&lt;/MTolerance&gt;&lt;HighPrecision&gt;true&lt;/HighPrecision&gt;&lt;WKID&gt;26711&lt;/WKID&gt;&lt;LatestWKID&gt;26711&lt;/LatestWKID&gt;&lt;/ProjectedCoordinateSystem&gt;</peXml></coordRef></DataProperties><SyncDate>20231220</SyncDate><SyncTime>11563700</SyncTime><ModDate>20231220</ModDate><ModTime>11563700</ModTime></Esri><dataIdInfo><envirDesc Sync="TRUE"> Version 6.2 (Build 9200) ; Esri ArcGIS 10.8.1.14362</envirDesc><dataLang><languageCode value="eng" Sync="TRUE"></languageCode><countryCode value="USA" Sync="TRUE"></countryCode></dataLang><idCitation><resTitle Sync="TRUE">CretaceousIntrusionsExtentPolygons</resTitle><presForm><PresFormCd value="005" Sync="TRUE"></PresFormCd></presForm></idCitation><spatRpType><SpatRepTypCd value="001" Sync="TRUE"></SpatRepTypCd></spatRpType></dataIdInfo><mdLang><languageCode value="eng" Sync="TRUE"></languageCode><countryCode value="USA" Sync="TRUE"></countryCode></mdLang><distInfo><distFormat><formatName Sync="TRUE">Shapefile</formatName></distFormat><distTranOps><transSize Sync="TRUE">0.000</transSize></distTranOps></distInfo><mdHrLv><ScopeCd value="005" Sync="TRUE"></ScopeCd></mdHrLv><mdHrLvName Sync="TRUE">dataset</mdHrLvName><refSysInfo><RefSystem><refSysID><identCode code="26711" Sync="TRUE"></identCode><idCodeSpace Sync="TRUE">EPSG</idCodeSpace><idVersion Sync="TRUE">7.2(3.0.1)</idVersion></refSysID></RefSystem></refSysInfo><spatRepInfo><VectSpatRep><geometObjs Name="CretaceousIntrusionsExtentPolygons"><geoObjTyp><GeoObjTypCd value="002" Sync="TRUE"></GeoObjTypCd></geoObjTyp><geoObjCnt Sync="TRUE">0</geoObjCnt></geometObjs><topLvl><TopoLevCd value="001" Sync="TRUE"></TopoLevCd></topLvl></VectSpatRep></spatRepInfo><spdoinfo><ptvctinf><esriterm Name="CretaceousIntrusionsExtentPolygons"><efeatyp Sync="TRUE">Simple</efeatyp><efeageom code="4" Sync="TRUE"></efeageom><esritopo Sync="TRUE">FALSE</esritopo><efeacnt Sync="TRUE">0</efeacnt><spindex Sync="TRUE">FALSE</spindex><linrefer Sync="TRUE">FALSE</linrefer></esriterm></ptvctinf></spdoinfo><eainfo><detailed Name="CretaceousIntrusionsExtentPolygons"><enttyp><enttypl Sync="TRUE">CretaceousIntrusionsExtentPolygons</enttypl><enttypt Sync="TRUE">Feature Class</enttypt><enttypc Sync="TRUE">0</enttypc></enttyp><attr><attrlabl Sync="TRUE">FID</attrlabl><attalias Sync="TRUE">FID</attalias><attrtype Sync="TRUE">OID</attrtype><attwidth Sync="TRUE">4</attwidth><atprecis Sync="TRUE">0</atprecis><attscale Sync="TRUE">0</attscale><attrdef Sync="TRUE">Internal feature number.</attrdef><attrdefs Sync="TRUE">Esri</attrdefs><attrdomv><udom Sync="TRUE">Sequential unique whole numbers that are automatically generated.</udom></attrdomv></attr><attr><attrlabl Sync="TRUE">Shape</attrlabl><attalias Sync="TRUE">Shape</attalias><attrtype Sync="TRUE">Geometry</attrtype><attwidth Sync="TRUE">0</attwidth><atprecis Sync="TRUE">0</atprecis><attscale Sync="TRUE">0</attscale><attrdef Sync="TRUE">Feature geometry.</attrdef><attrdefs Sync="TRUE">Esri</attrdefs><attrdomv><udom Sync="TRUE">Coordinates defining the features.</udom></attrdomv></attr><attr><attrlabl Sync="TRUE">RockType</attrlabl><attalias Sync="TRUE">RockType</attalias><attrtype Sync="TRUE">String</attrtype><attwidth Sync="TRUE">50</attwidth><atprecis Sync="TRUE">0</atprecis><attscale Sync="TRUE">0</attscale></attr><attr><attrlabl Sync="TRUE">Shape_Leng</attrlabl><attalias Sync="TRUE">Shape_Leng</attalias><attrtype Sync="TRUE">Double</attrtype><attwidth Sync="TRUE">19</attwidth><atprecis Sync="TRUE">0</atprecis><attscale Sync="TRUE">0</attscale></attr><attr><attrlabl Sync="TRUE">Shape_Area</attrlabl><attalias Sync="TRUE">Shape_Area</attalias><attrtype Sync="TRUE">Double</attrtype><attwidth Sync="TRUE">19</attwidth><atprecis Sync="TRUE">0</atprecis><attscale Sync="TRUE">0</attscale><attrdef Sync="TRUE">Area of feature in internal units squared.</attrdef><attrdefs Sync="TRUE">Esri</attrdefs><attrdomv><udom Sync="TRUE">Positive real numbers that are automatically generated.</udom></attrdomv></attr><attr><attrlabl Sync="TRUE">CreatedBy</attrlabl><attalias Sync="TRUE">CreatedBy</attalias><attrtype Sync="TRUE">String</attrtype><attwidth Sync="TRUE">50</attwidth><atprecis Sync="TRUE">0</atprecis><attscale Sync="TRUE">0</attscale></attr><attr><attrlabl Sync="TRUE">CreateDate</attrlabl><attalias Sync="TRUE">CreateDate</attalias><attrtype Sync="TRUE">Date</attrtype><attwidth Sync="TRUE">8</attwidth><atprecis Sync="TRUE">0</atprecis><attscale Sync="TRUE">0</attscale></attr><attr><attrlabl Sync="TRUE">LastEditor</attrlabl><attalias Sync="TRUE">LastEditor</attalias><attrtype Sync="TRUE">String</attrtype><attwidth Sync="TRUE">50</attwidth><atprecis Sync="TRUE">0</atprecis><attscale Sync="TRUE">0</attscale></attr><attr><attrlabl Sync="TRUE">EditDate</attrlabl><attalias Sync="TRUE">EditDate</attalias><attrtype Sync="TRUE">Date</attrtype><attwidth Sync="TRUE">8</attwidth><atprecis Sync="TRUE">0</atprecis><attscale Sync="TRUE">0</attscale></attr></detailed></eainfo><mdDateSt Sync="TRUE">20231220</mdDateSt></metadata>
